pipeline,run_name,pred_csv,threshold,all_f1,macro_f1,f1_6nm,f1_12nm,precision_all,recall_all
extra,extra_1,predictions_baseline_best_t20.csv,0.0,0.0013066639863302844,0.0006541538771197102,0.0013083077542394204,0.0,0.0006608545357496886,0.05739514348785872
extra,extra_1,predictions_baseline_best_t20.csv,0.02,0.0013066639863302844,0.0006541538771197102,0.0013083077542394204,0.0,0.0006608545357496886,0.05739514348785872
extra,extra_1,predictions_baseline_best_t20.csv,0.05,0.0013066639863302844,0.0006541538771197102,0.0013083077542394204,0.0,0.0006608545357496886,0.05739514348785872
extra,extra_2,predictions_two_stage_hpc_t20k45.csv,0.0,0.001216223362064407,0.0006099016202169129,0.0012198032404338258,0.0,0.0006154834220878268,0.05077262693156733
extra,extra_2,predictions_two_stage_hpc_t20k45.csv,0.02,0.001216223362064407,0.0006099016202169129,0.0012198032404338258,0.0,0.0006154834220878268,0.05077262693156733
extra,extra_2,predictions_two_stage_hpc_t20k45.csv,0.05,0.001216223362064407,0.0006099016202169129,0.0012198032404338258,0.0,0.0006154834220878268,0.05077262693156733
